<?xml version="1.0" encoding="UTF-8"?>
<project-private xmlns="http://www.netbeans.org/ns/project-private/1">
    <editor-bookmarks xmlns="http://www.netbeans.org/ns/editor-bookmarks/2" lastBookmarkId="0"/>
    <open-files xmlns="http://www.netbeans.org/ns/projectui-open-files/2">
        <group>
            <file>file:/C:/Users/prodrigo/Documents/NetBeansProjects/ProjetoAnt/src/view/FormLogin.java</file>
            <file>file:/C:/Users/prodrigo/Documents/NetBeansProjects/ProjetoAnt/src/view/FormPrincipal.java</file>
            <file>file:/C:/Users/prodrigo/Documents/NetBeansProjects/ProjetoAnt/src/controller/ConexaoTest.java</file>
            <file>file:/C:/Users/prodrigo/Documents/NetBeansProjects/ProjetoAnt/src/model/Usuario.java</file>
            <file>file:/C:/Users/prodrigo/Documents/NetBeansProjects/ProjetoAnt/src/controller/UsuarioDAO.java</file>
        </group>
    </open-files>
</project-private>
